Reference,Pin,Pin name,Net,PCB X (mm),PCB Y (mm)
AE1,1,pin1,RF_ANT,19.121897999999998,9.5
AE1,2,pin2,NC,22.278102,9.5
C1,1,pin1,CHARGER_IN,-9.175,5.2
C1,2,pin2,GND,-10.825,5.2
C2,1,pin1,SYS_RAW,-8.775,9.8
C2,2,pin2,GND,-10.424999999999999,9.8
C3,1,pin1,VBAT_SYS,-8.99,7.5
C3,2,pin2,GND,-10.01,7.5
C4,1,pin1,PMIC_VDD_1V8,-5.3,5.2250000000000005
C4,2,pin2,GND,-5.3,3.575
C5,1,pin1,SYS_RAW,-3.425,10.4
C5,2,pin2,GND,-1.7750000000000001,10.4
C6,1,pin1,VCORE,-5.4,11.09
C6,2,pin2,GND,-5.4,12.11
C7,1,pin1,BAT_PACK_POS,-12.49,-6
C7,2,pin2,GND,-13.51,-6
C8,1,pin1,GAUGE_VDD_1V8,-8.01,-5.5
C8,2,pin2,GND,-6.99,-5.5
C9,1,pin1,VDDR,17.175,1.7
C9,2,pin2,GND,18.825,1.7
C10,1,pin1,VDDR,13.15,5.99
C10,2,pin2,GND,13.15,7.01
C11,1,pin1,VDDD,12.69,3.2
C11,2,pin2,GND,13.709999999999999,3.2
C12,1,pin1,VCORE,15.39,4.2
C12,2,pin2,GND,16.41,4.2
C13,1,pin1,VCORE,13.19,4.7
C13,2,pin2,GND,14.209999999999999,4.7
C14,1,pin1,VCORE,5.81,5.1
C14,2,pin2,GND,4.79,5.1
C15,1,pin1,VCORE,8.5,10.790000000000001
C15,2,pin2,GND,8.5,11.81
C16,1,pin1,VDDR,11.3,10.790000000000001
C16,2,pin2,GND,11.3,11.81
C17,1,pin1,MCU_RSTN,6.21,0.5999999999999999
C17,2,pin2,GND,5.19,0.6000000000000001
C18,1,pin1,X32_P,8.1,0.31
C18,2,pin2,GND,8.1,-0.71
C19,1,pin1,X32_N,11.7,0.31
C19,2,pin2,GND,11.7,-0.71
C20,1,pin1,RF_RAW,13,9.5
C20,2,pin2,GND,13,10.16
C21,1,pin1,RF_FILTERED,15.2,9.5
C21,2,pin2,GND,15.2,10.16
C22,1,pin1,VCORE,-3.51,-5.5
C22,2,pin2,GND,-2.49,-5.5
C23,1,pin1,VCORE,0.79,-6.8
C23,2,pin2,GND,1.81,-6.8
C24,1,pin1,OLED_CT,11.49,-10.2
C24,2,pin2,GND,12.51,-10.2
C25,1,pin1,OLED_VCC,12.89,-4.2
C25,2,pin2,GND,13.91,-4.2
D1,1,pin1,GND,-15.5,-3.9749999999999996
D1,2,pin2,USB_VBUS,-15.5,-1.6249999999999998
FB1,1,pin1,USB_VBUS,-15.399897,2
FB1,2,pin2,CHARGER_IN,-14.000103,2
J1,1,SHELL2,GND,-18.194306800000003,-4.325112
J1,10,DP2,USB_DP,-17.4259568,-0.7500620000000005
J1,11,SBU1,NC,-17.4259568,-1.2496800000000003
J1,12,CC2,USB_CC2,-17.4259568,-1.7500600000000004
J1,13,GND1,GND,-17.4259568,3.1999554999999997
J1,14,GND2,GND,-17.4258552,-3.2000063000000005
J1,15,VBUS1,USB_VBUS,-17.4258552,-2.4001603000000005
J1,16,VBUS2,USB_VBUS,-17.4260203,2.3999570999999995
J1,2,SHELL1,GND,-22.374130800000003,-4.325111999999999
J1,3,SHELL4,GND,-22.3741308,4.325112000000001
J1,4,SHELL3,GND,-18.1943068,4.325112
J1,5,SBU2,NC,-17.4259568,1.7500599999999995
J1,6,CC1,USB_CC1,-17.4259568,1.2499339999999997
J1,7,DM2,USB_DN,-17.4259568,0.7500619999999996
J1,8,DP1,USB_DP,-17.4259568,0.2499359999999996
J1,9,DM1,USB_DN,-17.4259568,-0.24993600000000038
J2,1,BAT_PACK_POS,BAT_PACK_POS,-16.000004,-13.350037
J2,2,BAT_NTC,BAT_NTC,-18,-13.350037
J2,3,GND,GND,-19.999996,-13.350037
J3,1,GND,GND,7.500012,-14
J3,2,OLED_VCC,OLED_VCC,9.500008,-14
J3,3,OLED_SCLK,OLED_SCLK,11.500004,-14
J3,4,OLED_MOSI,OLED_MOSI,13.5,-14
J3,5,OLED_RESET,OLED_RESET,15.499996,-14
J3,6,OLED_DC,OLED_DC,17.499992,-14
J3,7,OLED_CS,OLED_CS,19.499988000000002,-14
J4,1,VCORE,VCORE,-3.999992,-14
J4,2,SWDIO,SWDIO,-1.999996,-14
J4,3,SWDCK,SWDCK,0,-14
J4,4,MCU_RSTN,MCU_RSTN,1.999996,-14
J4,5,GND,GND,3.999992,-14
J5,,pin5_internal_1,NC,-12.200031,12.4000103
J5,1,CHARGER_IN,CHARGER_IN,-16.499997,9.8749963
J5,2,BAT_PACK_POS,BAT_PACK_POS,-15.499999,9.8749963
J5,3,VCORE,VCORE,-14.500001,9.8749963
J5,4,GND,GND,-13.500003,9.8749963
J5,5,MOUNT_NC,NC,-17.799969,12.4000103
L1,1,pin1,DCDC_SW,14.100103,1.7
L1,2,pin2,VDDR,15.499897,1.7
L2,1,pin1,RF_RAW,13.825,9.5
L2,2,pin2,RF_FILTERED,14.375,9.5
R1,1,pin1,USB_CC1,-20.51,7
R1,2,pin2,GND,-19.49,7
R2,1,pin1,USB_CC2,-20.51,-7
R2,2,pin2,GND,-19.49,-7
R3,1,pin1,PMIC_IMAX,-7.4,11.59
R3,2,pin2,GND,-7.4,12.61
R4,1,pin1,BAT_NTC,-9.91,12.4
R4,2,pin2,GND,-8.89,12.4
R5,1,pin1,PMIC_CE,-7.91,3.5
R5,2,pin2,VCORE,-6.890000000000001,3.5
R6,1,pin1,PMIC_INT,-2.91,6.2
R6,2,pin2,VCORE,-1.89,6.2
R7,1,pin1,PMIC_PG,-2.91,4.2
R7,2,pin2,VCORE,-1.89,4.2
R8,1,pin1,GAUGE_BIN,-10.51,-8
R8,2,pin2,GND,-9.49,-8
R9,1,pin1,GAUGE_INT,-8.01,-3.6
R9,2,pin2,VCORE,-6.99,-3.6
R10,1,pin1,I2C_SDA,0.49,2
R10,2,pin2,VCORE,1.51,2
R11,1,pin1,I2C_SCL,0.49,0.2
R11,2,pin2,VCORE,1.51,0.2
R12,1,pin1,MCU_RSTN,6.71,2.5
R12,2,pin2,VCORE,5.69,2.5
R13,1,pin1,RF_FILTERED,16.59,9.5
R13,2,pin2,RF_ANT,17.610000000000003,9.5
R14,1,pin1,OLED_EN,7.890000000000001,-9
R14,2,pin2,GND,8.91,-9
R15,1,pin1,USER_BUTTON,15.39,-9.8
R15,2,pin2,VCORE,16.41,-9.8
SW1,1,pin1,PMIC_MR,-10.600072,-11.725072
SW1,2,pin2,PMIC_MR,-6.399928,-11.725072
SW1,3,pin3,GND,-10.600072,-13.874928
SW1,4,pin4,GND,-6.399928,-13.874928
SW2,1,pin1,USER_BUTTON,17.399928,-5.925072
SW2,2,pin2,USER_BUTTON,21.600072,-5.925072
SW2,3,pin3,GND,17.399928,-8.074928
SW2,4,pin4,GND,21.600072,-8.074928
TP_DN,1,pin1,USB_DN,-10.5,0.75
TP_DP,1,pin1,USB_DP,-10.5,-0.75
U1,1,VDDR2,VDDR,11.300098,9.407412
U1,10,DIO15,USER_BUTTON,7.699902,9.407412
U1,11,DIO16_SWDIO,SWDIO,7.092588,8.800098
U1,12,DIO17_SWDCK,SWDCK,7.092588,8.400048
U1,13,DIO18,ACC_INT1,7.092588,7.999998000000001
U1,14,DIO19,OLED_MOSI,7.092588,7.599948
U1,15,DIO20_A11,ACC_INT2,7.092588,7.199898
U1,16,DIO21_A10,OLED_EN,7.092588,6.800102000000001
U1,17,VDDS3,VCORE,7.092588,6.4000520000000005
U1,18,DIO22_A9,PMIC_PG,7.092588,6.000002
U1,19,DIO23_A8,NC,7.092588,5.599952
U1,2,DIO8,OLED_SCLK,10.900048,9.407412
U1,20,DIO24_A7,I2C_SCL,7.092588,5.199902
U1,21,DIO25_A6,NC,7.699902,4.592588
U1,22,DIO0_A5,I2C_SDA,8.099952,4.592588
U1,23,DIO1_A4,PMIC_CE,8.500002,4.592588
U1,24,DIO2_A3,NC,8.900051999999999,4.592588
U1,25,RSTN,MCU_RSTN,9.300101999999999,4.592588
U1,26,DIO3_X32P,X32_P,9.699898,4.592588
U1,27,DIO4_X32N,X32_N,10.099948,4.592588
U1,28,VDDD,VDDD,10.499998,4.592588
U1,29,DIO5_A2,NC,10.900048,4.592588
U1,3,DIO9,PMIC_INT,10.499998,9.407412
U1,30,DCDC,DCDC_SW,11.300098,4.592588
U1,31,VDDS2,VCORE,11.907412,5.199902
U1,32,DIO6_A1,NC,11.907412,5.599952
U1,33,DIO7_A0,NC,11.907412,6.000001999999999
U1,34,VDDR1,VDDR,11.907412,6.400052
U1,35,X48P,X48_P,11.907412,6.800102
U1,36,X48N,X48_N,11.907412,7.199897999999999
U1,37,NC,NC,11.907412,7.5999479999999995
U1,38,VDDS1,VCORE,11.907412,7.999998
U1,39,ANT,RF_RAW,11.907412,8.400048
U1,4,DIO10,GAUGE_INT,10.099948000000001,9.407412
U1,40,RFGND,GND,11.907412,8.800098
U1,41,EP,GND,9.5,7
U1,5,DIO11,OLED_CS,9.699898000000001,9.407412
U1,6,DIO12,OLED_DC,9.300102,9.407412
U1,7,DIO13,OLED_RESET,8.900052,9.407412
U1,8,VDDS4,VCORE,8.500002,9.407412
U1,9,DIO14,PMIC_LP,8.099952,9.407412
U2,1,A1,CHARGER_IN,-6.8001000000000005,7.400052
U2,10,C2,PMIC_CE,-6,7.800102
U2,11,C3,PMIC_IMAX,-6,8.199898
U2,12,C4,GND,-6,8.599948
U2,13,D1,PMIC_VDD_1V8,-5.59995,7.400052
U2,14,D2,PMIC_INT,-5.59995,7.800102
U2,15,D3,PMIC_LP,-5.59995,8.199898
U2,16,D4,VCORE,-5.59995,8.599948
U2,17,E1,VCORE,-5.1998999999999995,7.400052
U2,18,E2,I2C_SDA,-5.1998999999999995,7.800102
U2,19,E3,I2C_SCL,-5.1998999999999995,8.199898
U2,2,A2,SYS_RAW,-6.8001000000000005,7.800102
U2,20,E4,SYS_RAW,-5.1998999999999995,8.599948
U2,3,A3,VBAT_SYS,-6.8001000000000005,8.199898
U2,4,A4,GND,-6.8001000000000005,8.599948
U2,5,B1,PMIC_PG,-6.40005,7.400052
U2,6,B2,SYS_RAW,-6.40005,7.800102
U2,7,B3,VBAT_SYS,-6.40005,8.199898
U2,8,B4,BAT_NTC,-6.40005,8.599948
U2,9,C1,PMIC_MR,-6,7.400052
U3,1,A1,GAUGE_INT,-10.499999,-5.000001
U3,2,B1,GAUGE_BIN,-10.499999,-5.499873
U3,3,C1,GND,-10.499999,-5.999999
U3,4,A2,I2C_SDA,-9.999873,-5.000001
U3,5,B2,GND,-9.999873,-5.499873
U3,6,C2,VBAT_SYS,-9.999873,-5.999999
U3,7,A3,I2C_SCL,-9.500001,-5.000001
U3,8,B3,GAUGE_VDD_1V8,-9.500001,-5.499873
U3,9,C3,BAT_PACK_POS,-9.500001,-5.999999
U4,1,SDO,GND,-0.750062,-4.87503
U4,10,CSB,VCORE,-0.750062,-3.1249700000000002
U4,11,NC1,NC,-0.87503,-3.750064
U4,12,SCX,I2C_SCL,-0.87503,-4.249936
U4,2,SDX,I2C_SDA,-0.249936,-4.87503
U4,3,VDDIO,VCORE,0.249936,-4.87503
U4,4,NC2,NC,0.750062,-4.87503
U4,5,INT1,ACC_INT1,0.87503,-4.249936
U4,6,INT2,ACC_INT2,0.87503,-3.750064
U4,7,VDD,VCORE,0.750062,-3.1249700000000002
U4,8,GNDIO,GND,0.249936,-3.1249700000000002
U4,9,GND,GND,-0.249936,-3.1249700000000002
U5,1,VIN,VCORE,13.35001,-7.94996
U5,2,GND,GND,13.35001,-7
U5,3,ON,OLED_EN,13.35001,-6.05004
U5,4,CT,OLED_CT,10.64999,-6.05004
U5,5,QOD,OLED_VCC,10.64999,-7
U5,6,VOUT,OLED_VCC,10.64999,-7.94996
Y1,1,pin1,X48_P,14.899975999999999,6.450217
Y1,2,pin2,GND,16.300024,6.450217
Y1,3,pin3,X48_N,16.300024,7.550037
Y1,4,pin4,GND,14.899975999999999,7.550037
Y2,1,pin1,X32_P,8.625047,2.2
Y2,2,pin2,X32_N,11.174953,2.2
